Workbook

Sheet ActivityCostPools
A1: Activity | B1: CostPool | C1: CostDriver | D1: TotalDriverUnits | E1: DriverRate
A2: Order Processing | B2: 850000 | C2: No. of Orders | D2: 4250 | E2: =B2/D2 -> 200
A3: Machine Setup | B3: 1200000 | C3: No. of Setups | D3: 480 | E3: =B3/D3 -> 2500
A4: Quality Inspection | B4: 650000 | C4: Inspection Hours | D4: 1300 | E4: =B4/D4 -> 500
A5: Packaging & Shipping | B5: 1450000 | C5: No. of Shipments | D5: 4025 | E5: =B5/D5 -> 360.24845
A6: Customer Service & Support | B6: 850000 | C6: Service Calls | D6: 1700 | E6: =B6/D6 -> 500
A7: Total Overhead | B7: =SUM(B2:B6) -> 5000000
A9: Note: Blue = source input (edit these); Black = formula (DriverRate = CostPool / TotalDriverUnits).

Sheet CustomerData
A1: Customer | B1: Segment | C1: Revenue | D1: COGS | E1: Orders | F1: Setups | G1: InspectionHours | H1: Shipments | I1: ServiceCalls
A2: Customer A - Retail Chain | B2: Retail | C2: 3200000 | D2: 2000000 | E2: 1400 | F2: 60 | G2: 180 | H2: 1350 | I2: 420
A3: Customer B - Wholesale Distributor | B3: Wholesale | C3: 5400000 | D3: 3800000 | E3: 350 | F3: 220 | G3: 520 | H3: 300 | I3: 260
A4: Customer C - Online Marketplace | B4: Online | C4: 2100000 | D4: 1450000 | E4: 1800 | F4: 40 | G4: 150 | H4: 1700 | I4: 650
A5: Customer D - Small Retailer | B5: Small Retail | C5: 950000 | D5: 620000 | E5: 600 | F5: 30 | G5: 90 | H5: 550 | I5: 180
A6: Customer E - Export Client | B6: Export | C6: 4650000 | D6: 3100000 | E6: 100 | F6: 130 | G6: 360 | H6: 125 | I6: 190
A7: Total | C7: =SUM(C2:C6) -> 16300000 | D7: =SUM(D2:D6) -> 10970000 | E7: =SUM(E2:E6) -> 4250 | F7: =SUM(F2:F6) -> 480 | G7: =SUM(G2:G6) -> 1300 | H7: =SUM(H2:H6) -> 4025 | I7: =SUM(I2:I6) -> 1700

Sheet ABC_Calculation
A1: Customer | B1: Segment | C1: Revenue | D1: COGS | E1: Gross Margin | F1: Alloc OrderProc | G1: Alloc Setup | H1: Alloc Inspection | I1: Alloc Shipping | J1: Alloc Service | K1: Total Allocated OH | L1: Net Profit ABC | M1: Net Margin % ABC | N1: Traditional Alloc OH | O1: Net Profit Traditional | P1: Net Margin % Traditional
A2: =CustomerData!A2 -> Customer A - Retail Chain | B2: =CustomerData!B2 -> Retail | C2: =CustomerData!C2 -> 3200000 | D2: =CustomerData!D2 -> 2000000 | E2: =C2-D2 -> 1200000 | F2: =CustomerData!E2*ActivityCostPools!$E$2 -> 280000 | G2: =CustomerData!F2*ActivityCostPools!$E$3 -> 150000 | H2: =CustomerData!G2*ActivityCostPools!$E$4 -> 90000 | I2: =CustomerData!H2*ActivityCostPools!$E$5 -> 486335.4 | J2: =CustomerData!I2*ActivityCostPools!$E$6 -> 210000 | K2: =SUM(F2:J2) -> 1216335.4 | L2: =E2-K2 -> -16335.404 | M2: =L2/C2 -> -0.0051048137 | N2: =(C2/SUM($C$2:$C$6))*ActivityCostPools!$B$7 -> 981595.09 | O2: =E2-N2 -> 218404.91 | P2: =O2/C2 -> 0.068251534
A3: =CustomerData!A3 -> Customer B - Wholesale Distributor | B3: =CustomerData!B3 -> Wholesale | C3: =CustomerData!C3 -> 5400000 | D3: =CustomerData!D3 -> 3800000 | E3: =C3-D3 -> 1600000 | F3: =CustomerData!E3*ActivityCostPools!$E$2 -> 70000 | G3: =CustomerData!F3*ActivityCostPools!$E$3 -> 550000 | H3: =CustomerData!G3*ActivityCostPools!$E$4 -> 260000 | I3: =CustomerData!H3*ActivityCostPools!$E$5 -> 108074.53 | J3: =CustomerData!I3*ActivityCostPools!$E$6 -> 130000 | K3: =SUM(F3:J3) -> 1118074.5 | L3: =E3-K3 -> 481925.47 | M3: =L3/C3 -> 0.089245457 | N3: =(C3/SUM($C$2:$C$6))*ActivityCostPools!$B$7 -> 1656441.7 | O3: =E3-N3 -> -56441.718 | P3: =O3/C3 -> -0.01045217
A4: =CustomerData!A4 -> Customer C - Online Marketplace | B4: =CustomerData!B4 -> Online | C4: =CustomerData!C4 -> 2100000 | D4: =CustomerData!D4 -> 1450000 | E4: =C4-D4 -> 650000 | F4: =CustomerData!E4*ActivityCostPools!$E$2 -> 360000 | G4: =CustomerData!F4*ActivityCostPools!$E$3 -> 100000 | H4: =CustomerData!G4*ActivityCostPools!$E$4 -> 75000 | I4: =CustomerData!H4*ActivityCostPools!$E$5 -> 612422.36 | J4: =CustomerData!I4*ActivityCostPools!$E$6 -> 325000 | K4: =SUM(F4:J4) -> 1472422.4 | L4: =E4-K4 -> -822422.36 | M4: =L4/C4 -> -0.3916297 | N4: =(C4/SUM($C$2:$C$6))*ActivityCostPools!$B$7 -> 644171.78 | O4: =E4-N4 -> 5828.2209 | P4: =O4/C4 -> 0.0027753433
A5: =CustomerData!A5 -> Customer D - Small Retailer | B5: =CustomerData!B5 -> Small Retail | C5: =CustomerData!C5 -> 950000 | D5: =CustomerData!D5 -> 620000 | E5: =C5-D5 -> 330000 | F5: =CustomerData!E5*ActivityCostPools!$E$2 -> 120000 | G5: =CustomerData!F5*ActivityCostPools!$E$3 -> 75000 | H5: =CustomerData!G5*ActivityCostPools!$E$4 -> 45000 | I5: =CustomerData!H5*ActivityCostPools!$E$5 -> 198136.65 | J5: =CustomerData!I5*ActivityCostPools!$E$6 -> 90000 | K5: =SUM(F5:J5) -> 528136.65 | L5: =E5-K5 -> -198136.65 | M5: =L5/C5 -> -0.20856489 | N5: =(C5/SUM($C$2:$C$6))*ActivityCostPools!$B$7 -> 291411.04 | O5: =E5-N5 -> 38588.957 | P5: =O5/C5 -> 0.040619955
A6: =CustomerData!A6 -> Customer E - Export Client | B6: =CustomerData!B6 -> Export | C6: =CustomerData!C6 -> 4650000 | D6: =CustomerData!D6 -> 3100000 | E6: =C6-D6 -> 1550000 | F6: =CustomerData!E6*ActivityCostPools!$E$2 -> 20000 | G6: =CustomerData!F6*ActivityCostPools!$E$3 -> 325000 | H6: =CustomerData!G6*ActivityCostPools!$E$4 -> 180000 | I6: =CustomerData!H6*ActivityCostPools!$E$5 -> 45031.056 | J6: =CustomerData!I6*ActivityCostPools!$E$6 -> 95000 | K6: =SUM(F6:J6) -> 665031.06 | L6: =E6-K6 -> 884968.94 | M6: =L6/C6 -> 0.1903159 | N6: =(C6/SUM($C$2:$C$6))*ActivityCostPools!$B$7 -> 1426380.4 | O6: =E6-N6 -> 123619.63 | P6: =O6/C6 -> 0.026584867
A7: TOTAL | C7: =SUM(C2:C6) -> 16300000 | D7: =SUM(D2:D6) -> 10970000 | E7: =SUM(E2:E6) -> 5330000 | F7: =SUM(F2:F6) -> 850000 | G7: =SUM(G2:G6) -> 1200000 | H7: =SUM(H2:H6) -> 650000 | I7: =SUM(I2:I6) -> 1450000 | J7: =SUM(J2:J6) -> 850000 | ... L7: =SUM(L2:L6) -> 330000 | N7: =SUM(N2:N6) -> 5000000 | O7: =SUM(O2:O6) -> 330000
A9: Formulas: Alloc <Activity> = Customer driver quantity x Driver Rate (from ActivityCostPools).
A10: Traditional Alloc OH = Customer Revenue share x Total Overhead (single revenue-based allocation base).
A11: Net Profit = Gross Margin - Allocated Overhead. This sheet mirrors the Power BI DAX measures documented in Appendix A of the project report.
